{
"lengthUnit": "mil",
"remark": [],
"components": {
	"fields": ["COMPONENT_NO", "COMPONENT_NAME", "LAYER", "X_COORDINATE", "Y_COORDINATE", "ANGLE"],
	"rows": [
		[1, "C3", "T", -225, 1205, 0],
		[2, "H0", "B", -465, 1335, 180],
		[3, "H1", "T", -450, 2515, 0],
		[4, "H2", "T", -450, 2325, 0],
		[5, "H3", "T", -450, 2130, 0],
		[6, "H4", "T", -450, 1950, 0],
		[7, "H5", "T", -445, 1775, 0],
		[8, "H6", "T", -445, 1590, 0],
		[9, "J1", "T", 785, 1475, 90],
		[10, "U2", "T", 105, 2275, 0],
		[11, "PAD1", "T", -274.21, 1205, 0],
		[12, "PAD1", "B", -274.21, 1205, 0],
		[13, "PAD2", "T", -175.79, 1205, 0],
		[14, "PAD2", "B", -175.79, 1205, 0],
		[15, "PAD3", "T", -550, 2515, 0],
		[16, "PAD3", "B", -550, 2515, 0],
		[17, "PAD4", "T", -450, 2515, 0],
		[18, "PAD4", "B", -450, 2515, 0],
		[19, "PAD5", "T", -350, 2515, 0],
		[20, "PAD5", "B", -350, 2515, 0],
		[21, "PAD6", "T", -550, 2325, 0],
		[22, "PAD6", "B", -550, 2325, 0],
		[23, "PAD7", "T", -450, 2325, 0],
		[24, "PAD7", "B", -450, 2325, 0],
		[25, "PAD8", "T", -350, 2325, 0],
		[26, "PAD8", "B", -350, 2325, 0],
		[27, "PAD9", "T", -550, 2130, 0],
		[28, "PAD9", "B", -550, 2130, 0],
		[29, "PAD10", "T", -450, 2130, 0],
		[30, "PAD10", "B", -450, 2130, 0],
		[31, "PAD11", "T", -350, 2130, 0],
		[32, "PAD11", "B", -350, 2130, 0],
		[33, "PAD12", "T", -550, 1950, 0],
		[34, "PAD12", "B", -550, 1950, 0],
		[35, "PAD13", "T", -450, 1950, 0],
		[36, "PAD13", "B", -450, 1950, 0],
		[37, "PAD14", "T", -350, 1950, 0],
		[38, "PAD14", "B", -350, 1950, 0],
		[39, "PAD15", "T", -545, 1775, 0],
		[40, "PAD15", "B", -545, 1775, 0],
		[41, "PAD16", "T", -445, 1775, 0],
		[42, "PAD16", "B", -445, 1775, 0],
		[43, "PAD17", "T", -345, 1775, 0],
		[44, "PAD17", "B", -345, 1775, 0],
		[45, "PAD18", "T", -545, 1590, 0],
		[46, "PAD18", "B", -545, 1590, 0],
		[47, "PAD19", "T", -445, 1590, 0],
		[48, "PAD19", "B", -445, 1590, 0],
		[49, "PAD20", "T", -345, 1590, 0],
		[50, "PAD20", "B", -345, 1590, 0],
		[51, "PAD21", "T", 85, 1175, 0],
		[52, "PAD21", "B", 85, 1175, 0],
		[53, "PAD22", "T", 185, 1175, 0],
		[54, "PAD22", "B", 185, 1175, 0],
		[55, "PAD23", "T", 285, 1175, 0],
		[56, "PAD23", "B", 285, 1175, 0],
		[57, "PAD24", "T", 385, 1175, 0],
		[58, "PAD24", "B", 385, 1175, 0],
		[59, "PAD25", "T", 485, 1175, 0],
		[60, "PAD25", "B", 485, 1175, 0],
		[61, "PAD26", "T", 585, 1175, 0],
		[62, "PAD26", "B", 585, 1175, 0],
		[63, "PAD27", "T", 685, 1175, 0],
		[64, "PAD27", "B", 685, 1175, 0],
		[65, "PAD28", "T", 785, 1175, 0],
		[66, "PAD28", "B", 785, 1175, 0],
		[67, "PAD29", "T", 885, 1175, 0],
		[68, "PAD29", "B", 885, 1175, 0],
		[69, "PAD30", "T", 985, 1175, 0],
		[70, "PAD30", "B", 985, 1175, 0],
		[71, "PAD31", "T", 1085, 1175, 0],
		[72, "PAD31", "B", 1085, 1175, 0],
		[73, "PAD32", "T", 1185, 1175, 0],
		[74, "PAD32", "B", 1185, 1175, 0],
		[75, "PAD33", "T", 1285, 1175, 0],
		[76, "PAD33", "B", 1285, 1175, 0],
		[77, "PAD34", "T", 1385, 1175, 0],
		[78, "PAD34", "B", 1385, 1175, 0],
		[79, "PAD35", "T", 1485, 1175, 0],
		[80, "PAD35", "B", 1485, 1175, 0],
		[81, "PAD36", "T", 1485, 1775, 0],
		[82, "PAD36", "B", 1485, 1775, 0],
		[83, "PAD37", "T", 1385, 1775, 0],
		[84, "PAD37", "B", 1385, 1775, 0],
		[85, "PAD38", "T", 1285, 1775, 0],
		[86, "PAD38", "B", 1285, 1775, 0],
		[87, "PAD39", "T", 1185, 1775, 0],
		[88, "PAD39", "B", 1185, 1775, 0],
		[89, "PAD40", "T", 1085, 1775, 0],
		[90, "PAD40", "B", 1085, 1775, 0],
		[91, "PAD41", "T", 985, 1775, 0],
		[92, "PAD41", "B", 985, 1775, 0],
		[93, "PAD42", "T", 885, 1775, 0],
		[94, "PAD42", "B", 885, 1775, 0],
		[95, "PAD43", "T", 785, 1775, 0],
		[96, "PAD43", "B", 785, 1775, 0],
		[97, "PAD44", "T", 685, 1775, 0],
		[98, "PAD44", "B", 685, 1775, 0],
		[99, "PAD45", "T", 585, 1775, 0],
		[100, "PAD45", "B", 585, 1775, 0],
		[101, "PAD46", "T", 485, 1775, 0],
		[102, "PAD46", "B", 485, 1775, 0],
		[103, "PAD47", "T", 385, 1775, 0],
		[104, "PAD47", "B", 385, 1775, 0],
		[105, "PAD48", "T", 285, 1775, 0],
		[106, "PAD48", "B", 285, 1775, 0],
		[107, "PAD49", "T", 185, 1775, 0],
		[108, "PAD49", "B", 185, 1775, 0],
		[109, "PAD50", "T", 85, 1775, 0],
		[110, "PAD50", "B", 85, 1775, 0],
		[111, "PAD51", "T", 55, 2425, 0],
		[112, "PAD51", "B", 55, 2425, 0],
		[113, "PAD52", "T", 155, 2425, 0],
		[114, "PAD52", "B", 155, 2425, 0],
		[115, "PAD53", "T", 55, 2325, 0],
		[116, "PAD53", "B", 55, 2325, 0],
		[117, "PAD54", "T", 155, 2325, 0],
		[118, "PAD54", "B", 155, 2325, 0],
		[119, "PAD55", "T", 55, 2225, 0],
		[120, "PAD55", "B", 55, 2225, 0],
		[121, "PAD56", "T", 155, 2225, 0],
		[122, "PAD56", "B", 155, 2225, 0],
		[123, "PAD57", "T", 55, 2125, 0],
		[124, "PAD57", "B", 55, 2125, 0],
		[125, "PAD58", "T", 155, 2125, 0],
		[126, "PAD58", "B", 155, 2125, 0],
		[127, "PAD59", "T", -415, 1335, 0],
		[128, "PAD59", "B", -415, 1335, 0],
		[129, "PAD60", "T", -515, 1335, 0],
		[130, "PAD60", "B", -515, 1335, 0]
	]
},
"pins": {
	"fields": ["PIN_NO", "PIN_NAME", "PIN_X", "PIN_Y", "LAYER", "PIN_TYPE", "NET_NAME", "NET_TYPE", "PAD_SHAPE", "PAD_SIZEX", "PAD_SIZEY", "HOLE_SIZE", "HOLE_LEN", "PAD_ANGLE"],
	"rows": [
		[1, "C3_1", -274.21, 1205, "T", "DIP", "GND", "GND", "C", 41.339, 41.339, 27.56, 27.56, 0],
		[2, "C3_1", -274.21, 1205, "B", "DIP", "GND", "GND", "C", 41.339, 41.339, 27.56, 27.56, 0],
		[3, "C3_2", -175.79, 1205, "T", "DIP", "3.3V", "", "C", 41.339, 41.339, 27.56, 27.56, 180],
		[4, "C3_2", -175.79, 1205, "B", "DIP", "3.3V", "", "C", 41.339, 41.339, 27.56, 27.56, 180],
		[5, "H0_1", -415, 1335, "T", "DIP", "+5V", "", "R", 62, 62, 35, 35, 90],
		[6, "H0_1", -415, 1335, "B", "DIP", "+5V", "", "R", 62, 62, 35, 35, 90],
		[7, "H0_2", -515, 1335, "T", "DIP", "GND", "GND", "C", 62, 62, 35, 35, 90],
		[8, "H0_2", -515, 1335, "B", "DIP", "GND", "GND", "C", 62, 62, 35, 35, 90],
		[9, "H1_1", -550, 2515, "T", "DIP", "J1_10", "", "R", 62, 62, 35, 35, 0],
		[10, "H1_1", -550, 2515, "B", "DIP", "J1_10", "", "R", 62, 62, 35, 35, 0],
		[11, "H1_2", -450, 2515, "T", "DIP", "H2_2", "", "C", 62, 62, 35, 35, 0],
		[12, "H1_2", -450, 2515, "B", "DIP", "H2_2", "", "C", 62, 62, 35, 35, 0],
		[13, "H1_3", -350, 2515, "T", "DIP", "GND", "GND", "C", 62, 62, 36, 36, 0],
		[14, "H1_3", -350, 2515, "B", "DIP", "GND", "GND", "C", 62, 62, 36, 36, 0],
		[15, "H2_1", -550, 2325, "T", "DIP", "J1_9", "", "R", 62, 62, 35, 35, 0],
		[16, "H2_1", -550, 2325, "B", "DIP", "J1_9", "", "R", 62, 62, 35, 35, 0],
		[17, "H2_2", -450, 2325, "T", "DIP", "H2_2", "", "C", 62, 62, 35, 35, 0],
		[18, "H2_2", -450, 2325, "B", "DIP", "H2_2", "", "C", 62, 62, 35, 35, 0],
		[19, "H2_3", -350, 2325, "T", "DIP", "GND", "GND", "C", 62, 62, 36, 36, 0],
		[20, "H2_3", -350, 2325, "B", "DIP", "GND", "GND", "C", 62, 62, 36, 36, 0],
		[21, "H3_1", -550, 2130, "T", "DIP", "J1_8", "", "R", 62, 62, 35, 35, 0],
		[22, "H3_1", -550, 2130, "B", "DIP", "J1_8", "", "R", 62, 62, 35, 35, 0],
		[23, "H3_2", -450, 2130, "T", "DIP", "H2_2", "", "C", 62, 62, 35, 35, 0],
		[24, "H3_2", -450, 2130, "B", "DIP", "H2_2", "", "C", 62, 62, 35, 35, 0],
		[25, "H3_3", -350, 2130, "T", "DIP", "GND", "GND", "C", 62, 62, 36, 36, 0],
		[26, "H3_3", -350, 2130, "B", "DIP", "GND", "GND", "C", 62, 62, 36, 36, 0],
		[27, "H4_1", -550, 1950, "T", "DIP", "J1_7", "", "R", 62, 62, 35, 35, 0],
		[28, "H4_1", -550, 1950, "B", "DIP", "J1_7", "", "R", 62, 62, 35, 35, 0],
		[29, "H4_2", -450, 1950, "T", "DIP", "H2_2", "", "C", 62, 62, 35, 35, 0],
		[30, "H4_2", -450, 1950, "B", "DIP", "H2_2", "", "C", 62, 62, 35, 35, 0],
		[31, "H4_3", -350, 1950, "T", "DIP", "GND", "GND", "C", 62, 62, 36, 36, 0],
		[32, "H4_3", -350, 1950, "B", "DIP", "GND", "GND", "C", 62, 62, 36, 36, 0],
		[33, "H5_1", -545, 1775, "T", "DIP", "J1_6", "", "R", 62, 62, 35, 35, 0],
		[34, "H5_1", -545, 1775, "B", "DIP", "J1_6", "", "R", 62, 62, 35, 35, 0],
		[35, "H5_2", -445, 1775, "T", "DIP", "H2_2", "", "C", 62, 62, 35, 35, 0],
		[36, "H5_2", -445, 1775, "B", "DIP", "H2_2", "", "C", 62, 62, 35, 35, 0],
		[37, "H5_3", -345, 1775, "T", "DIP", "GND", "GND", "C", 62, 62, 36, 36, 0],
		[38, "H5_3", -345, 1775, "B", "DIP", "GND", "GND", "C", 62, 62, 36, 36, 0],
		[39, "H6_1", -545, 1590, "T", "DIP", "J1_5", "", "R", 62, 62, 35, 35, 0],
		[40, "H6_1", -545, 1590, "B", "DIP", "J1_5", "", "R", 62, 62, 35, 35, 0],
		[41, "H6_2", -445, 1590, "T", "DIP", "H2_2", "", "C", 62, 62, 35, 35, 0],
		[42, "H6_2", -445, 1590, "B", "DIP", "H2_2", "", "C", 62, 62, 35, 35, 0],
		[43, "H6_3", -345, 1590, "T", "DIP", "GND", "GND", "C", 62, 62, 36, 36, 0],
		[44, "H6_3", -345, 1590, "B", "DIP", "GND", "GND", "C", 62, 62, 36, 36, 0],
		[45, "J1_1", 85, 1175, "T", "DIP", "J1_1", "", "C", 60, 60, 36, 36, 90],
		[46, "J1_1", 85, 1175, "B", "DIP", "J1_1", "", "C", 60, 60, 36, 36, 90],
		[47, "J1_2", 185, 1175, "T", "DIP", "J1_2", "", "C", 60, 60, 36, 36, 90],
		[48, "J1_2", 185, 1175, "B", "DIP", "J1_2", "", "C", 60, 60, 36, 36, 90],
		[49, "J1_3", 285, 1175, "T", "DIP", "J1_3", "", "C", 60, 60, 36, 36, 90],
		[50, "J1_3", 285, 1175, "B", "DIP", "J1_3", "", "C", 60, 60, 36, 36, 90],
		[51, "J1_4", 385, 1175, "T", "DIP", "J1_4", "", "C", 60, 60, 36, 36, 90],
		[52, "J1_4", 385, 1175, "B", "DIP", "J1_4", "", "C", 60, 60, 36, 36, 90],
		[53, "J1_5", 485, 1175, "T", "DIP", "J1_5", "", "C", 60, 60, 36, 36, 90],
		[54, "J1_5", 485, 1175, "B", "DIP", "J1_5", "", "C", 60, 60, 36, 36, 90],
		[55, "J1_6", 585, 1175, "T", "DIP", "J1_6", "", "C", 60, 60, 36, 36, 90],
		[56, "J1_6", 585, 1175, "B", "DIP", "J1_6", "", "C", 60, 60, 36, 36, 90],
		[57, "J1_7", 685, 1175, "T", "DIP", "J1_7", "", "C", 60, 60, 36, 36, 90],
		[58, "J1_7", 685, 1175, "B", "DIP", "J1_7", "", "C", 60, 60, 36, 36, 90],
		[59, "J1_8", 785, 1175, "T", "DIP", "J1_8", "", "C", 60, 60, 36, 36, 270],
		[60, "J1_8", 785, 1175, "B", "DIP", "J1_8", "", "C", 60, 60, 36, 36, 270],
		[61, "J1_9", 885, 1175, "T", "DIP", "J1_9", "", "C", 60, 60, 36, 36, 270],
		[62, "J1_9", 885, 1175, "B", "DIP", "J1_9", "", "C", 60, 60, 36, 36, 270],
		[63, "J1_10", 985, 1175, "T", "DIP", "J1_10", "", "C", 60, 60, 36, 36, 270],
		[64, "J1_10", 985, 1175, "B", "DIP", "J1_10", "", "C", 60, 60, 36, 36, 270],
		[65, "J1_11", 1085, 1175, "T", "DIP", "J1_11", "", "C", 60, 60, 36, 36, 270],
		[66, "J1_11", 1085, 1175, "B", "DIP", "J1_11", "", "C", 60, 60, 36, 36, 270],
		[67, "J1_12", 1185, 1175, "T", "DIP", "U2_3", "", "C", 60, 60, 36, 36, 270],
		[68, "J1_12", 1185, 1175, "B", "DIP", "U2_3", "", "C", 60, 60, 36, 36, 270],
		[69, "J1_13", 1285, 1175, "T", "DIP", "U2_4", "", "C", 60, 60, 36, 36, 270],
		[70, "J1_13", 1285, 1175, "B", "DIP", "U2_4", "", "C", 60, 60, 36, 36, 270],
		[71, "J1_14", 1385, 1175, "T", "DIP", "U2_6", "", "C", 60, 60, 36, 36, 270],
		[72, "J1_14", 1385, 1175, "B", "DIP", "U2_6", "", "C", 60, 60, 36, 36, 270],
		[73, "J1_15", 1485, 1175, "T", "DIP", "U2_7", "", "C", 60, 60, 36, 36, 270],
		[74, "J1_15", 1485, 1175, "B", "DIP", "U2_7", "", "C", 60, 60, 36, 36, 270],
		[75, "J1_16", 1485, 1775, "T", "DIP", "U2_5", "", "C", 60, 60, 36, 36, 270],
		[76, "J1_16", 1485, 1775, "B", "DIP", "U2_5", "", "C", 60, 60, 36, 36, 270],
		[77, "J1_17", 1385, 1775, "T", "DIP", "J1_17", "", "C", 60, 60, 36, 36, 270],
		[78, "J1_17", 1385, 1775, "B", "DIP", "J1_17", "", "C", 60, 60, 36, 36, 270],
		[79, "J1_18", 1285, 1775, "T", "DIP", "J1_18", "", "C", 60, 60, 36, 36, 270],
		[80, "J1_18", 1285, 1775, "B", "DIP", "J1_18", "", "C", 60, 60, 36, 36, 270],
		[81, "J1_19", 1185, 1775, "T", "DIP", "J1_19", "", "C", 60, 60, 36, 36, 270],
		[82, "J1_19", 1185, 1775, "B", "DIP", "J1_19", "", "C", 60, 60, 36, 36, 270],
		[83, "J1_20", 1085, 1775, "T", "DIP", "J1_20", "", "C", 60, 60, 36, 36, 270],
		[84, "J1_20", 1085, 1775, "B", "DIP", "J1_20", "", "C", 60, 60, 36, 36, 270],
		[85, "J1_21", 985, 1775, "T", "DIP", "J1_21", "", "C", 60, 60, 36, 36, 270],
		[86, "J1_21", 985, 1775, "B", "DIP", "J1_21", "", "C", 60, 60, 36, 36, 270],
		[87, "J1_22", 885, 1775, "T", "DIP", "J1_22", "", "C", 60, 60, 36, 36, 270],
		[88, "J1_22", 885, 1775, "B", "DIP", "J1_22", "", "C", 60, 60, 36, 36, 270],
		[89, "J1_23", 785, 1775, "T", "DIP", "J1_23", "", "C", 60, 60, 36, 36, 270],
		[90, "J1_23", 785, 1775, "B", "DIP", "J1_23", "", "C", 60, 60, 36, 36, 270],
		[91, "J1_24", 685, 1775, "T", "DIP", "J1_24", "", "C", 60, 60, 36, 36, 270],
		[92, "J1_24", 685, 1775, "B", "DIP", "J1_24", "", "C", 60, 60, 36, 36, 270],
		[93, "J1_25", 585, 1775, "T", "DIP", "J1_25", "", "C", 60, 60, 36, 36, 270],
		[94, "J1_25", 585, 1775, "B", "DIP", "J1_25", "", "C", 60, 60, 36, 36, 270],
		[95, "J1_26", 485, 1775, "T", "DIP", "J1_26", "", "C", 60, 60, 36, 36, 270],
		[96, "J1_26", 485, 1775, "B", "DIP", "J1_26", "", "C", 60, 60, 36, 36, 270],
		[97, "J1_27", 385, 1775, "T", "DIP", "J1_27", "", "C", 60, 60, 36, 36, 270],
		[98, "J1_27", 385, 1775, "B", "DIP", "J1_27", "", "C", 60, 60, 36, 36, 270],
		[99, "J1_28", 285, 1775, "T", "DIP", "J1_28", "", "C", 60, 60, 36, 36, 270],
		[100, "J1_28", 285, 1775, "B", "DIP", "J1_28", "", "C", 60, 60, 36, 36, 270],
		[101, "J1_29", 185, 1775, "T", "DIP", "GND", "GND", "C", 60, 60, 36, 36, 270],
		[102, "J1_29", 185, 1775, "B", "DIP", "GND", "GND", "C", 60, 60, 36, 36, 270],
		[103, "J1_30", 85, 1775, "T", "DIP", "+5V", "", "C", 60, 60, 36, 36, 270],
		[104, "J1_30", 85, 1775, "B", "DIP", "+5V", "", "C", 60, 60, 36, 36, 270],
		[105, "U2_1", 55, 2425, "T", "DIP", "GND", "GND", "R", 66.929, 66.929, 43.308, 43.308, 0],
		[106, "U2_1", 55, 2425, "B", "DIP", "GND", "GND", "R", 66.929, 66.929, 43.308, 43.308, 0],
		[107, "U2_2", 155, 2425, "T", "DIP", "3.3V", "", "C", 66.929, 66.929, 43.308, 43.308, 0],
		[108, "U2_2", 155, 2425, "B", "DIP", "3.3V", "", "C", 66.929, 66.929, 43.308, 43.308, 0],
		[109, "U2_3", 55, 2325, "T", "DIP", "U2_3", "", "C", 66.929, 66.929, 43.308, 43.308, 0],
		[110, "U2_3", 55, 2325, "B", "DIP", "U2_3", "", "C", 66.929, 66.929, 43.308, 43.308, 0],
		[111, "U2_4", 155, 2325, "T", "DIP", "U2_4", "", "C", 66.929, 66.929, 43.308, 43.308, 0],
		[112, "U2_4", 155, 2325, "B", "DIP", "U2_4", "", "C", 66.929, 66.929, 43.308, 43.308, 0],
		[113, "U2_5", 55, 2225, "T", "DIP", "U2_5", "", "C", 66.929, 66.929, 43.308, 43.308, 0],
		[114, "U2_5", 55, 2225, "B", "DIP", "U2_5", "", "C", 66.929, 66.929, 43.308, 43.308, 0],
		[115, "U2_6", 155, 2225, "T", "DIP", "U2_6", "", "C", 66.929, 66.929, 43.308, 43.308, 0],
		[116, "U2_6", 155, 2225, "B", "DIP", "U2_6", "", "C", 66.929, 66.929, 43.308, 43.308, 0],
		[117, "U2_7", 55, 2125, "T", "DIP", "U2_7", "", "C", 66.929, 66.929, 43.308, 43.308, 0],
		[118, "U2_7", 55, 2125, "B", "DIP", "U2_7", "", "C", 66.929, 66.929, 43.308, 43.308, 0],
		[119, "U2_8", 155, 2125, "T", "DIP", "U2_8", "", "C", 66.929, 66.929, 43.308, 43.308, 0],
		[120, "U2_8", 155, 2125, "B", "DIP", "U2_8", "", "C", 66.929, 66.929, 43.308, 43.308, 0],
		[121, "PAD1_1", -274.21, 1205, "T", "DIP", "GND", "GND", "C", 41.339, 41.339, 27.56, 27.56, 0],
		[122, "PAD1_1", -274.21, 1205, "B", "DIP", "GND", "GND", "C", 41.339, 41.339, 27.56, 27.56, 0],
		[123, "PAD2_2", -175.79, 1205, "T", "DIP", "3.3V", "", "C", 41.339, 41.339, 27.56, 27.56, 180],
		[124, "PAD2_2", -175.79, 1205, "B", "DIP", "3.3V", "", "C", 41.339, 41.339, 27.56, 27.56, 180],
		[125, "PAD3_1", -550, 2515, "T", "DIP", "J1_10", "", "R", 62, 62, 35, 35, 0],
		[126, "PAD3_1", -550, 2515, "B", "DIP", "J1_10", "", "R", 62, 62, 35, 35, 0],
		[127, "PAD4_2", -450, 2515, "T", "DIP", "H2_2", "", "C", 62, 62, 35, 35, 0],
		[128, "PAD4_2", -450, 2515, "B", "DIP", "H2_2", "", "C", 62, 62, 35, 35, 0],
		[129, "PAD5_3", -350, 2515, "T", "DIP", "GND", "GND", "C", 62, 62, 36, 36, 0],
		[130, "PAD5_3", -350, 2515, "B", "DIP", "GND", "GND", "C", 62, 62, 36, 36, 0],
		[131, "PAD6_1", -550, 2325, "T", "DIP", "J1_9", "", "R", 62, 62, 35, 35, 0],
		[132, "PAD6_1", -550, 2325, "B", "DIP", "J1_9", "", "R", 62, 62, 35, 35, 0],
		[133, "PAD7_2", -450, 2325, "T", "DIP", "H2_2", "", "C", 62, 62, 35, 35, 0],
		[134, "PAD7_2", -450, 2325, "B", "DIP", "H2_2", "", "C", 62, 62, 35, 35, 0],
		[135, "PAD8_3", -350, 2325, "T", "DIP", "GND", "GND", "C", 62, 62, 36, 36, 0],
		[136, "PAD8_3", -350, 2325, "B", "DIP", "GND", "GND", "C", 62, 62, 36, 36, 0],
		[137, "PAD9_1", -550, 2130, "T", "DIP", "J1_8", "", "R", 62, 62, 35, 35, 0],
		[138, "PAD9_1", -550, 2130, "B", "DIP", "J1_8", "", "R", 62, 62, 35, 35, 0],
		[139, "PAD10_2", -450, 2130, "T", "DIP", "H2_2", "", "C", 62, 62, 35, 35, 0],
		[140, "PAD10_2", -450, 2130, "B", "DIP", "H2_2", "", "C", 62, 62, 35, 35, 0],
		[141, "PAD11_3", -350, 2130, "T", "DIP", "GND", "GND", "C", 62, 62, 36, 36, 0],
		[142, "PAD11_3", -350, 2130, "B", "DIP", "GND", "GND", "C", 62, 62, 36, 36, 0],
		[143, "PAD12_1", -550, 1950, "T", "DIP", "J1_7", "", "R", 62, 62, 35, 35, 0],
		[144, "PAD12_1", -550, 1950, "B", "DIP", "J1_7", "", "R", 62, 62, 35, 35, 0],
		[145, "PAD13_2", -450, 1950, "T", "DIP", "H2_2", "", "C", 62, 62, 35, 35, 0],
		[146, "PAD13_2", -450, 1950, "B", "DIP", "H2_2", "", "C", 62, 62, 35, 35, 0],
		[147, "PAD14_3", -350, 1950, "T", "DIP", "GND", "GND", "C", 62, 62, 36, 36, 0],
		[148, "PAD14_3", -350, 1950, "B", "DIP", "GND", "GND", "C", 62, 62, 36, 36, 0],
		[149, "PAD15_1", -545, 1775, "T", "DIP", "J1_6", "", "R", 62, 62, 35, 35, 0],
		[150, "PAD15_1", -545, 1775, "B", "DIP", "J1_6", "", "R", 62, 62, 35, 35, 0],
		[151, "PAD16_2", -445, 1775, "T", "DIP", "H2_2", "", "C", 62, 62, 35, 35, 0],
		[152, "PAD16_2", -445, 1775, "B", "DIP", "H2_2", "", "C", 62, 62, 35, 35, 0],
		[153, "PAD17_3", -345, 1775, "T", "DIP", "GND", "GND", "C", 62, 62, 36, 36, 0],
		[154, "PAD17_3", -345, 1775, "B", "DIP", "GND", "GND", "C", 62, 62, 36, 36, 0],
		[155, "PAD18_1", -545, 1590, "T", "DIP", "J1_5", "", "R", 62, 62, 35, 35, 0],
		[156, "PAD18_1", -545, 1590, "B", "DIP", "J1_5", "", "R", 62, 62, 35, 35, 0],
		[157, "PAD19_2", -445, 1590, "T", "DIP", "H2_2", "", "C", 62, 62, 35, 35, 0],
		[158, "PAD19_2", -445, 1590, "B", "DIP", "H2_2", "", "C", 62, 62, 35, 35, 0],
		[159, "PAD20_3", -345, 1590, "T", "DIP", "GND", "GND", "C", 62, 62, 36, 36, 0],
		[160, "PAD20_3", -345, 1590, "B", "DIP", "GND", "GND", "C", 62, 62, 36, 36, 0],
		[161, "PAD21_1", 85, 1175, "T", "DIP", "J1_1", "", "C", 60, 60, 36, 36, 90],
		[162, "PAD21_1", 85, 1175, "B", "DIP", "J1_1", "", "C", 60, 60, 36, 36, 90],
		[163, "PAD22_2", 185, 1175, "T", "DIP", "J1_2", "", "C", 60, 60, 36, 36, 90],
		[164, "PAD22_2", 185, 1175, "B", "DIP", "J1_2", "", "C", 60, 60, 36, 36, 90],
		[165, "PAD23_3", 285, 1175, "T", "DIP", "J1_3", "", "C", 60, 60, 36, 36, 90],
		[166, "PAD23_3", 285, 1175, "B", "DIP", "J1_3", "", "C", 60, 60, 36, 36, 90],
		[167, "PAD24_4", 385, 1175, "T", "DIP", "J1_4", "", "C", 60, 60, 36, 36, 90],
		[168, "PAD24_4", 385, 1175, "B", "DIP", "J1_4", "", "C", 60, 60, 36, 36, 90],
		[169, "PAD25_5", 485, 1175, "T", "DIP", "J1_5", "", "C", 60, 60, 36, 36, 90],
		[170, "PAD25_5", 485, 1175, "B", "DIP", "J1_5", "", "C", 60, 60, 36, 36, 90],
		[171, "PAD26_6", 585, 1175, "T", "DIP", "J1_6", "", "C", 60, 60, 36, 36, 90],
		[172, "PAD26_6", 585, 1175, "B", "DIP", "J1_6", "", "C", 60, 60, 36, 36, 90],
		[173, "PAD27_7", 685, 1175, "T", "DIP", "J1_7", "", "C", 60, 60, 36, 36, 90],
		[174, "PAD27_7", 685, 1175, "B", "DIP", "J1_7", "", "C", 60, 60, 36, 36, 90],
		[175, "PAD28_8", 785, 1175, "T", "DIP", "J1_8", "", "C", 60, 60, 36, 36, 270],
		[176, "PAD28_8", 785, 1175, "B", "DIP", "J1_8", "", "C", 60, 60, 36, 36, 270],
		[177, "PAD29_9", 885, 1175, "T", "DIP", "J1_9", "", "C", 60, 60, 36, 36, 270],
		[178, "PAD29_9", 885, 1175, "B", "DIP", "J1_9", "", "C", 60, 60, 36, 36, 270],
		[179, "PAD30_10", 985, 1175, "T", "DIP", "J1_10", "", "C", 60, 60, 36, 36, 270],
		[180, "PAD30_10", 985, 1175, "B", "DIP", "J1_10", "", "C", 60, 60, 36, 36, 270],
		[181, "PAD31_11", 1085, 1175, "T", "DIP", "J1_11", "", "C", 60, 60, 36, 36, 270],
		[182, "PAD31_11", 1085, 1175, "B", "DIP", "J1_11", "", "C", 60, 60, 36, 36, 270],
		[183, "PAD32_12", 1185, 1175, "T", "DIP", "U2_3", "", "C", 60, 60, 36, 36, 270],
		[184, "PAD32_12", 1185, 1175, "B", "DIP", "U2_3", "", "C", 60, 60, 36, 36, 270],
		[185, "PAD33_13", 1285, 1175, "T", "DIP", "U2_4", "", "C", 60, 60, 36, 36, 270],
		[186, "PAD33_13", 1285, 1175, "B", "DIP", "U2_4", "", "C", 60, 60, 36, 36, 270],
		[187, "PAD34_14", 1385, 1175, "T", "DIP", "U2_6", "", "C", 60, 60, 36, 36, 270],
		[188, "PAD34_14", 1385, 1175, "B", "DIP", "U2_6", "", "C", 60, 60, 36, 36, 270],
		[189, "PAD35_15", 1485, 1175, "T", "DIP", "U2_7", "", "C", 60, 60, 36, 36, 270],
		[190, "PAD35_15", 1485, 1175, "B", "DIP", "U2_7", "", "C", 60, 60, 36, 36, 270],
		[191, "PAD36_16", 1485, 1775, "T", "DIP", "U2_5", "", "C", 60, 60, 36, 36, 270],
		[192, "PAD36_16", 1485, 1775, "B", "DIP", "U2_5", "", "C", 60, 60, 36, 36, 270],
		[193, "PAD37_17", 1385, 1775, "T", "DIP", "J1_17", "", "C", 60, 60, 36, 36, 270],
		[194, "PAD37_17", 1385, 1775, "B", "DIP", "J1_17", "", "C", 60, 60, 36, 36, 270],
		[195, "PAD38_18", 1285, 1775, "T", "DIP", "J1_18", "", "C", 60, 60, 36, 36, 270],
		[196, "PAD38_18", 1285, 1775, "B", "DIP", "J1_18", "", "C", 60, 60, 36, 36, 270],
		[197, "PAD39_19", 1185, 1775, "T", "DIP", "J1_19", "", "C", 60, 60, 36, 36, 270],
		[198, "PAD39_19", 1185, 1775, "B", "DIP", "J1_19", "", "C", 60, 60, 36, 36, 270],
		[199, "PAD40_20", 1085, 1775, "T", "DIP", "J1_20", "", "C", 60, 60, 36, 36, 270],
		[200, "PAD40_20", 1085, 1775, "B", "DIP", "J1_20", "", "C", 60, 60, 36, 36, 270],
		[201, "PAD41_21", 985, 1775, "T", "DIP", "J1_21", "", "C", 60, 60, 36, 36, 270],
		[202, "PAD41_21", 985, 1775, "B", "DIP", "J1_21", "", "C", 60, 60, 36, 36, 270],
		[203, "PAD42_22", 885, 1775, "T", "DIP", "J1_22", "", "C", 60, 60, 36, 36, 270],
		[204, "PAD42_22", 885, 1775, "B", "DIP", "J1_22", "", "C", 60, 60, 36, 36, 270],
		[205, "PAD43_23", 785, 1775, "T", "DIP", "J1_23", "", "C", 60, 60, 36, 36, 270],
		[206, "PAD43_23", 785, 1775, "B", "DIP", "J1_23", "", "C", 60, 60, 36, 36, 270],
		[207, "PAD44_24", 685, 1775, "T", "DIP", "J1_24", "", "C", 60, 60, 36, 36, 270],
		[208, "PAD44_24", 685, 1775, "B", "DIP", "J1_24", "", "C", 60, 60, 36, 36, 270],
		[209, "PAD45_25", 585, 1775, "T", "DIP", "J1_25", "", "C", 60, 60, 36, 36, 270],
		[210, "PAD45_25", 585, 1775, "B", "DIP", "J1_25", "", "C", 60, 60, 36, 36, 270],
		[211, "PAD46_26", 485, 1775, "T", "DIP", "J1_26", "", "C", 60, 60, 36, 36, 270],
		[212, "PAD46_26", 485, 1775, "B", "DIP", "J1_26", "", "C", 60, 60, 36, 36, 270],
		[213, "PAD47_27", 385, 1775, "T", "DIP", "J1_27", "", "C", 60, 60, 36, 36, 270],
		[214, "PAD47_27", 385, 1775, "B", "DIP", "J1_27", "", "C", 60, 60, 36, 36, 270],
		[215, "PAD48_28", 285, 1775, "T", "DIP", "J1_28", "", "C", 60, 60, 36, 36, 270],
		[216, "PAD48_28", 285, 1775, "B", "DIP", "J1_28", "", "C", 60, 60, 36, 36, 270],
		[217, "PAD49_29", 185, 1775, "T", "DIP", "GND", "GND", "C", 60, 60, 36, 36, 270],
		[218, "PAD49_29", 185, 1775, "B", "DIP", "GND", "GND", "C", 60, 60, 36, 36, 270],
		[219, "PAD50_30", 85, 1775, "T", "DIP", "+5V", "", "C", 60, 60, 36, 36, 270],
		[220, "PAD50_30", 85, 1775, "B", "DIP", "+5V", "", "C", 60, 60, 36, 36, 270],
		[221, "PAD51_1", 55, 2425, "T", "DIP", "GND", "GND", "R", 66.929, 66.929, 43.308, 43.308, 0],
		[222, "PAD51_1", 55, 2425, "B", "DIP", "GND", "GND", "R", 66.929, 66.929, 43.308, 43.308, 0],
		[223, "PAD52_2", 155, 2425, "T", "DIP", "3.3V", "", "C", 66.929, 66.929, 43.308, 43.308, 0],
		[224, "PAD52_2", 155, 2425, "B", "DIP", "3.3V", "", "C", 66.929, 66.929, 43.308, 43.308, 0],
		[225, "PAD53_3", 55, 2325, "T", "DIP", "U2_3", "", "C", 66.929, 66.929, 43.308, 43.308, 0],
		[226, "PAD53_3", 55, 2325, "B", "DIP", "U2_3", "", "C", 66.929, 66.929, 43.308, 43.308, 0],
		[227, "PAD54_4", 155, 2325, "T", "DIP", "U2_4", "", "C", 66.929, 66.929, 43.308, 43.308, 0],
		[228, "PAD54_4", 155, 2325, "B", "DIP", "U2_4", "", "C", 66.929, 66.929, 43.308, 43.308, 0],
		[229, "PAD55_5", 55, 2225, "T", "DIP", "U2_5", "", "C", 66.929, 66.929, 43.308, 43.308, 0],
		[230, "PAD55_5", 55, 2225, "B", "DIP", "U2_5", "", "C", 66.929, 66.929, 43.308, 43.308, 0],
		[231, "PAD56_6", 155, 2225, "T", "DIP", "U2_6", "", "C", 66.929, 66.929, 43.308, 43.308, 0],
		[232, "PAD56_6", 155, 2225, "B", "DIP", "U2_6", "", "C", 66.929, 66.929, 43.308, 43.308, 0],
		[233, "PAD57_7", 55, 2125, "T", "DIP", "U2_7", "", "C", 66.929, 66.929, 43.308, 43.308, 0],
		[234, "PAD57_7", 55, 2125, "B", "DIP", "U2_7", "", "C", 66.929, 66.929, 43.308, 43.308, 0],
		[235, "PAD58_8", 155, 2125, "T", "DIP", "U2_8", "", "C", 66.929, 66.929, 43.308, 43.308, 0],
		[236, "PAD58_8", 155, 2125, "B", "DIP", "U2_8", "", "C", 66.929, 66.929, 43.308, 43.308, 0],
		[237, "PAD59_1", -415, 1335, "T", "DIP", "+5V", "", "R", 62, 62, 35, 35, 90],
		[238, "PAD59_1", -415, 1335, "B", "DIP", "+5V", "", "R", 62, 62, 35, 35, 90],
		[239, "PAD60_2", -515, 1335, "T", "DIP", "GND", "GND", "C", 62, 62, 35, 35, 90],
		[240, "PAD60_2", -515, 1335, "B", "DIP", "GND", "GND", "C", 62, 62, 35, 35, 90]
	]
}
}